step,loss,ppl,gate_rate
1,2.5532705783843994,12.8490589909616,0.349609375
2,2.618685722351074,13.717682888417277,0.353515625
3,2.6256439685821533,13.813466761095084,0.3515625
4,2.5943214893341064,13.387500717037723,0.345703125
5,2.4508538246154785,11.59824536015525,0.349609375
6,2.4576780796051025,11.677665427100413,0.3515625
7,2.4503366947174072,11.592249111267762,0.345703125
8,2.5762269496917725,13.147438512052652,0.349609375
9,2.5671353340148926,13.028448778045991,0.349609375
10,2.513634443283081,12.34973299846859,0.349609375
11,2.659325361251831,14.286647520753325,0.3515625
12,2.4990055561065674,12.170385175728994,0.349609375
13,2.632418632507324,13.907366065022659,0.3515625
14,2.528834581375122,12.53888456858784,0.349609375
15,2.5676329135894775,13.034933081141077,0.349609375
16,2.442744493484497,11.504571676790704,0.34375
17,2.7194697856903076,15.172275554297658,0.3515625
18,2.562723159790039,12.9710916200936,0.349609375
19,2.600098133087158,13.465059338010466,0.345703125
20,2.3833141326904297,10.840771149027761,0.345703125
21,2.5247223377227783,12.487427494639972,0.345703125
22,2.39975905418396,11.020520712362142,0.345703125
23,2.5758893489837646,13.14300067665283,0.345703125
24,2.6398122310638428,14.010572610417547,0.345703125
25,2.453887462615967,11.633483661118524,0.34375
26,2.693495512008667,14.78326077574629,0.349609375
27,2.630502223968506,13.8807393918842,0.345703125
28,2.641517400741577,14.034483394178658,0.345703125
29,2.557302951812744,12.900975798646476,0.349609375
30,2.499227285385132,12.173084005647608,0.349609375
31,2.6619887351989746,14.324748922169181,0.3515625
32,2.617563486099243,13.702297042280685,0.34375
33,2.601989269256592,13.49054769212596,0.345703125
34,2.455799102783203,11.655743965837377,0.345703125
35,2.441647529602051,11.491958496544653,0.345703125
36,2.424593210220337,11.297632722872358,0.349609375
37,2.456282377243042,11.66137825054978,0.345703125
38,2.6407785415649414,14.024117717192873,0.349609375
39,2.414689064025879,11.18629159627043,0.345703125
40,2.643620252609253,14.064026885702395,0.345703125
41,2.5233957767486572,12.470873143264305,0.345703125
42,2.6807401180267334,14.595891982008856,0.345703125
43,2.5665485858917236,13.020806602413025,0.345703125
44,2.566861867904663,13.024886425949822,0.34375
45,2.6548500061035156,14.222852558254113,0.345703125
46,2.657041072845459,14.254049942764922,0.349609375
47,2.59490704536438,13.395342144386357,0.345703125
48,2.669644832611084,14.43484149729766,0.349609375
49,2.5512535572052,12.823168286671255,0.349609375
50,2.620795965194702,13.746661095336973,0.349609375
51,2.612029790878296,13.626682114559125,0.345703125
52,2.618234872817993,13.711499671447058,0.349609375
53,2.5832810401916504,13.240509613207479,0.349609375
54,2.6392297744750977,14.002414436210321,0.34375
55,2.670238733291626,14.443416905704806,0.34375
56,2.6182620525360107,13.711872351206368,0.345703125
57,2.583278179168701,13.240471731859806,0.349609375
58,2.5579280853271484,12.90904315231058,0.345703125
59,2.6470870971679688,14.112869296387805,0.345703125
60,2.7498230934143066,15.639864844351283,0.349609375
61,2.642374038696289,14.046511016252154,0.349609375
62,2.6721365451812744,14.470853820852556,0.34375
63,2.673006057739258,14.483441881920017,0.349609375
64,2.684438705444336,14.649976120244915,0.349609375
65,2.590092658996582,13.331006783681602,0.341796875
66,2.630990982055664,13.887525373734384,0.345703125
67,2.499748706817627,12.1794329676463,0.345703125
68,2.4266092777252197,11.320432488297614,0.341796875
69,2.606015205383301,13.544969250802255,0.345703125
70,2.452179193496704,11.613627504888703,0.34375
71,2.7008371353149414,14.892193289056557,0.341796875
72,2.669826030731201,14.437457300423308,0.34375
73,2.6887593269348145,14.71341006024642,0.34375
74,2.5797109603881836,13.19332421518467,0.345703125
75,2.592909574508667,13.368612044036364,0.345703125
76,2.500995635986328,12.194629330296838,0.345703125
77,2.4617919921875,11.725805275503696,0.337890625
78,2.6236343383789062,13.785734676031574,0.34375
79,2.4888157844543457,12.047001423589617,0.34375
80,2.495173692703247,12.123839158114144,0.341796875
81,2.6078529357910156,13.569884139077923,0.34375
82,2.5720250606536865,13.092310336639237,0.345703125
83,2.5947089195251465,13.392688443874182,0.345703125
84,2.55413818359375,12.86021173886891,0.341796875
85,2.486192226409912,12.015436839957177,0.345703125
86,2.5863099098205566,13.280674186568387,0.34375
87,2.498931407928467,12.169482797296702,0.34375
88,2.524202585220337,12.480938809351857,0.34375
89,2.634974241256714,13.942953305582309,0.341796875
90,2.582394599914551,13.228777892700005,0.345703125
91,2.529303789138794,12.544769291045977,0.341796875
92,2.6873767375946045,14.693081512593889,0.345703125
93,2.604083776473999,13.518833353554227,0.34375
94,2.6642355918884277,14.356970765486162,0.341796875
95,2.5954458713531494,13.40256184776944,0.34375
96,2.5596060752868652,12.9307225809547,0.34375
97,2.6128089427948,13.637303507346212,0.337890625
98,2.5318233966827393,12.57641703959898,0.341796875
99,2.6495847702026367,14.148162686798182,0.341796875
100,2.577481746673584,13.163946232969348,0.34375
101,2.4802346229553223,11.94406644129376,0.341796875
102,2.5478410720825195,12.779483994058833,0.34375
103,2.6314315795898438,13.893645531334077,0.34375
104,2.623938798904419,13.789932527063154,0.345703125
105,2.469285726547241,11.81400540682244,0.337890625
106,2.60895037651062,13.584784457104865,0.341796875
107,2.579359292984009,13.188685368818817,0.341796875
108,2.4574127197265625,11.674567054331138,0.337890625
109,2.5508549213409424,12.81805753063178,0.34375
110,2.5775012969970703,13.164203594892305,0.345703125
111,2.7115964889526367,15.053288750533392,0.341796875
112,2.631817102432251,13.899002881674825,0.34375
113,2.6570680141448975,14.254433970565723,0.341796875
114,2.574561595916748,13.125561597152236,0.341796875
115,2.6261205673217773,13.820051811031863,0.34375
116,2.6664533615112305,14.388846552636453,0.337890625
117,2.5359604358673096,12.628553941535795,0.337890625
118,2.6679677963256836,14.410654031630314,0.34375
119,2.5990631580352783,13.451130546742622,0.341796875
120,2.5358669757843018,12.627373730988298,0.34375
121,2.597750425338745,13.433484392744322,0.341796875
122,2.5550472736358643,12.87190814503785,0.34375
123,2.664591073989868,14.362075318859121,0.341796875
124,2.54516863822937,12.745377262697994,0.341796875
125,2.636333703994751,13.961921121157426,0.341796875
126,2.603677749633789,13.513345458556085,0.34375
127,2.6614325046539307,14.31678327484214,0.337890625
128,2.6330037117004395,13.915505356371163,0.345703125
129,2.572758197784424,13.101912314827452,0.341796875
130,2.4691054821014404,11.811876189860731,0.34375
131,2.504868507385254,12.241949134061628,0.341796875
132,2.5474982261657715,12.775103351139002,0.34375
133,2.4489662647247314,11.576373626008303,0.34375
134,2.7177786827087402,15.146639356705311,0.341796875
135,2.6407711505889893,14.024014065659117,0.337890625
136,2.5523030757904053,12.836633504871724,0.337890625
137,2.597097873687744,13.424721209850839,0.341796875
138,2.4252517223358154,11.305074800976962,0.337890625
139,2.5064358711242676,12.261151766052599,0.337890625
140,2.459289789199829,11.69650160766233,0.337890625
141,2.5055220127105713,12.249951927662307,0.341796875
142,2.608584403991699,13.57981370895219,0.341796875
143,2.4693140983581543,11.814340596304913,0.3359375
144,2.58296799659729,13.236365405179729,0.337890625
145,2.643526554107666,14.06270916919192,0.337890625
146,2.4964685440063477,12.139547895091058,0.34375
147,2.641556739807129,14.035035508500647,0.34375
148,2.6258087158203125,13.81574267906383,0.3359375
149,2.510305404663086,12.30868861744103,0.3359375
150,2.6602115631103516,14.299313986031809,0.341796875
151,2.4824299812316895,11.970316750282688,0.337890625
152,2.5270345211029053,12.516334122787843,0.341796875
153,2.640434980392456,14.019300402435418,0.34375
154,2.542311906814575,12.709019100556537,0.341796875
155,2.534135580062866,12.605529665954753,0.3359375
156,2.5513079166412354,12.823865365813745,0.341796875
157,2.5731120109558105,13.106548764144842,0.34375
158,2.576516628265381,13.151247594965644,0.341796875
159,2.687941789627075,14.701386214239147,0.34375
160,2.5978870391845703,13.43531971807262,0.341796875
161,2.6518921852111816,14.180846062279624,0.3359375
162,2.625042676925659,13.805163335424842,0.345703125
163,2.607095241546631,13.559606210224256,0.337890625
164,2.554450511932373,12.8642289747513,0.341796875
165,2.603353261947632,13.508961255704383,0.34375
166,2.5940263271331787,13.383549815968172,0.3359375
167,2.6022419929504395,13.493957504022722,0.345703125
168,2.550417423248291,12.812450881449223,0.341796875
169,2.559603452682495,12.93068866882962,0.341796875
170,2.5893826484680176,13.321544987893624,0.341796875
171,2.512392520904541,12.334405108683576,0.3359375
172,2.6706244945526123,14.448989691236582,0.34375
173,2.5383358001708984,12.658587013396442,0.341796875
174,2.620327949523926,13.74022894781383,0.341796875
175,2.4316577911376953,11.377728351322373,0.3359375
176,2.6916024684906006,14.755301891800379,0.337890625
177,2.645951747894287,14.096855352912321,0.337890625
178,2.557612657546997,12.90497192360824,0.341796875
179,2.67680287361145,14.538537371468705,0.3359375
180,2.642043352127075,14.041866791648438,0.3359375
181,2.4714176654815674,11.83921901230319,0.3359375
182,2.5609567165374756,12.948199147902079,0.337890625
183,2.5913946628570557,13.348375110338548,0.341796875
184,2.5474183559417725,12.774083041519457,0.3359375
185,2.594475507736206,13.389562797301345,0.337890625
186,2.586743116378784,13.286428708081926,0.3359375
187,2.5368924140930176,12.64032896501193,0.337890625
188,2.5542097091674805,12.86113160578844,0.337890625
189,2.409428596496582,11.127600977944033,0.333984375
190,2.481590747833252,11.96027507492002,0.341796875
191,2.469205617904663,11.813059040792446,0.337890625
192,2.604785203933716,13.528319160905705,0.337890625
193,2.7021355628967285,14.911542282491355,0.337890625
194,2.5542995929718018,12.862287665179776,0.337890625
195,2.7264840602874756,15.279072173840953,0.341796875
196,2.5784504413604736,13.176704256060674,0.3359375
197,2.5219881534576416,12.453331200888345,0.3359375
198,2.4884982109069824,12.043176222036,0.3359375
199,2.7543258666992188,15.710446397063864,0.337890625
200,2.6092629432678223,13.589031272802043,0.337890625
201,2.5897984504699707,13.327085264717974,0.337890625
202,2.5494587421417236,12.800173712745492,0.337890625
203,2.707169532775879,14.986795790223102,0.341796875
204,2.5511884689331055,12.822333675966675,0.34375
205,2.6607472896575928,14.306976560480475,0.337890625
206,2.583186626434326,13.239259585956821,0.337890625
207,2.4712698459625244,11.837469073983653,0.3359375
208,2.759920597076416,15.798588444344436,0.34375
209,2.625920057296753,13.817281029891374,0.341796875
210,2.579794406890869,13.194425197885163,0.3359375
211,2.562330722808838,12.966002282742737,0.3359375
212,2.640036106109619,14.013709579133463,0.337890625
213,2.6653692722320557,14.373256210537292,0.337890625
214,2.454739570617676,11.643400870300498,0.337890625
215,2.4810168743133545,11.95341335883073,0.3359375
216,2.661029100418091,14.31100898858954,0.337890625
217,2.628525972366333,13.85333464667672,0.3359375
218,2.689194679260254,14.71981697206208,0.337890625
219,2.6062936782836914,13.548741682910904,0.337890625
220,2.560426712036133,12.941338362353623,0.3359375
221,2.5136024951934814,12.349338454394722,0.3359375
222,2.635985851287842,13.957065273710581,0.3359375
223,2.5371968746185303,12.644178032126037,0.333984375
224,2.6196835041046143,13.731376972821847,0.3359375
225,2.7018706798553467,14.907592990893152,0.337890625
226,2.6144044399261475,13.6590791528421,0.3359375
227,2.4796323776245117,11.93687534866693,0.3359375
228,2.6650242805480957,14.36829841192205,0.3359375
229,2.668017864227295,14.411375560901103,0.341796875
230,2.6641671657562256,14.355988407116415,0.3359375
231,2.6313674449920654,13.892754496539634,0.337890625
232,2.5450124740600586,12.74338704684945,0.3359375
233,2.666102170944214,14.383794212675914,0.333984375
234,2.7140140533447266,15.089725071229914,0.337890625
235,2.4832491874694824,11.980126926162882,0.337890625
236,2.5077219009399414,12.276930116338084,0.3359375
237,2.673398494720459,14.48912683554962,0.3359375
238,2.4862141609191895,12.015700395558484,0.333984375
239,2.438964605331421,11.461167765246874,0.333984375
240,2.673354148864746,14.488484317068187,0.3359375
241,2.579956293106079,13.196561366345767,0.3359375
242,2.5516371726989746,12.828088396360116,0.3359375
243,2.6326284408569336,13.910284252663537,0.337890625
244,2.5864901542663574,13.283068170071639,0.3359375
245,2.5475871562957764,12.776239493258728,0.3359375
246,2.426199436187744,11.315793855458859,0.333984375
247,2.603163480758667,13.506397752235657,0.337890625
248,2.524991273880005,12.490786267031451,0.333984375
249,2.6016111373901367,13.485447450490351,0.337890625
250,2.525017738342285,12.491116833347576,0.337890625
251,2.567552089691162,13.033879589609398,0.337890625
252,2.466613292694092,11.782475408514738,0.333984375
253,2.4486377239227295,11.57257093963596,0.3359375
254,2.547039270401001,12.769241489081045,0.333984375
255,2.6815712451934814,14.608028066974374,0.337890625
256,2.5914864540100098,13.349600429315851,0.3359375
257,2.606424570083618,13.550515218164602,0.333984375
258,2.555169105529785,12.873476449518348,0.3359375
259,2.604260206222534,13.521218688339104,0.3359375
260,2.534196376800537,12.606296064332081,0.34375
261,2.711803436279297,15.05640431076507,0.337890625
262,2.537297248840332,12.645447245353413,0.337890625
263,2.4681828022003174,11.80098263551046,0.330078125
264,2.40676212310791,11.097969049987375,0.3359375
265,2.5686938762664795,13.04876999756538,0.3359375
266,2.5510692596435547,12.820805225783321,0.3359375
267,2.4295990467071533,11.35432861175347,0.333984375
268,2.411768913269043,11.153673586331172,0.3359375
269,2.522616147994995,12.461154281023049,0.33203125
270,2.599039316177368,13.450809850622406,0.337890625
271,2.591434955596924,13.348912963780254,0.3359375
272,2.513578176498413,12.349038138250217,0.3359375
273,2.5417301654815674,12.701627888938853,0.333984375
274,2.587278127670288,13.293538999337963,0.3359375
275,2.4697084426879883,11.819000433259548,0.333984375
276,2.611896514892578,13.62486612608476,0.3359375
277,2.3552520275115967,10.540785094797224,0.3359375
278,2.6901023387908936,14.733183619490838,0.3359375
279,2.6083731651306152,13.576945427527496,0.337890625
280,2.597607135772705,13.431559652496171,0.3359375
281,2.489626407623291,12.056770961231706,0.3359375
282,2.5623111724853516,12.96574879568167,0.337890625
283,2.5368759632110596,12.640121022162644,0.3359375
284,2.5708281993865967,13.076650030976651,0.3359375
285,2.5312728881835938,12.569495520482235,0.333984375
286,2.5015299320220947,12.201146613329861,0.333984375
287,2.565831422805786,13.011471908217779,0.33203125
288,2.4680943489074707,11.799938845901517,0.3359375
289,2.5573697090148926,12.901837060443171,0.3359375
290,2.694584846496582,14.799373466014412,0.3359375
291,2.546032667160034,12.756394396260859,0.337890625
292,2.508942127227783,12.291919892799758,0.333984375
293,2.6406948566436768,14.022944159111145,0.3359375
294,2.5810258388519287,13.21068324306537,0.333984375
295,2.563600540161133,12.982477195282442,0.337890625
296,2.493438959121704,12.102825758783714,0.33203125
297,2.5721752643585205,13.09427699785284,0.33203125
298,2.566725730895996,13.023113377565055,0.3359375
299,2.5143933296203613,12.359108599167868,0.33203125
300,2.602119207382202,13.492300742498106,0.33203125
301,2.5306453704833984,12.561610413841349,0.3359375
302,2.4314208030700684,11.375032284946808,0.33203125
303,2.5815114974975586,13.217100683813696,0.33203125
304,2.5982608795166016,13.440343321411232,0.3359375
305,2.4751737117767334,11.88377128483292,0.3359375
306,2.5059852600097656,12.255627999419007,0.333984375
307,2.642493486404419,14.048188940010345,0.3359375
308,2.545869827270508,12.754317315527006,0.33203125
309,2.494947671890259,12.121099227783393,0.330078125
310,2.738229513168335,15.459589851780692,0.333984375
311,2.640151262283325,14.015323437229103,0.333984375
312,2.573169708251953,13.10730499838642,0.333984375
313,2.4744012355804443,11.87459489911932,0.3359375
314,2.511002779006958,12.317275374833695,0.333984375
315,2.4426934719085693,11.503984710387483,0.333984375
316,2.456205129623413,11.660477471630294,0.33203125
317,2.527712821960449,12.5248268429407,0.33203125
318,2.547722816467285,12.777972837669862,0.3359375
319,2.5258655548095703,12.501711498424816,0.33203125
320,2.5133745670318604,12.34652401314097,0.333984375
321,2.659528970718384,14.289556713593404,0.333984375
322,2.454638957977295,11.64222945592646,0.330078125
323,2.5976321697235107,13.431895901708561,0.3359375
324,2.5941531658172607,13.385247475477348,0.3359375
325,2.5134081840515137,12.346939073457877,0.3359375
326,2.6566340923309326,14.248250002496524,0.3359375
327,2.523585796356201,12.473243078844702,0.333984375
328,2.627800226211548,13.843284289771015,0.337890625
329,2.5645015239715576,12.99417946804212,0.3359375
330,2.4777615070343018,11.914563877083914,0.33203125
331,2.5860061645507812,13.27664085718816,0.33203125
332,2.563528060913086,12.981536269196761,0.333984375
333,2.4282357692718506,11.338860058124837,0.33203125
334,2.5803170204162598,13.201322585130278,0.3359375
335,2.5903759002685547,13.33478320979431,0.333984375
336,2.511991500854492,12.329459756588516,0.33203125
337,2.5164098739624023,12.384056435441135,0.333984375
338,2.6612563133239746,14.314261003963907,0.3359375
339,2.505852222442627,12.253997648937542,0.333984375
340,2.6955370903015137,14.813472789645683,0.333984375
341,2.5786380767822266,13.179176904492033,0.3359375
342,2.426591157913208,11.320227366047428,0.33203125
343,2.6221351623535156,13.765082917291615,0.3359375
344,2.607889413833618,13.570379150918136,0.333984375
345,2.6282753944396973,13.849863741688212,0.3359375
346,2.5289487838745117,12.540316622315633,0.330078125
347,2.608170747756958,13.57419749601569,0.337890625
348,2.6102726459503174,13.602759083468037,0.333984375
349,2.419297456741333,11.237961386875144,0.3359375
350,2.4763739109039307,11.898042739337265,0.33203125
351,2.5581367015838623,12.91173646949588,0.33203125
352,2.5494112968444824,12.799566419105679,0.333984375
353,2.569918394088745,13.064758235929666,0.333984375
354,2.4738271236419678,11.867779509008775,0.330078125
355,2.601407527923584,13.48270196524161,0.33203125
356,2.610525608062744,13.606200501396446,0.333984375
357,2.563253879547119,12.977977461751763,0.3359375
358,2.5510082244873047,12.820022729813239,0.3359375
359,2.4750609397888184,11.882431203884419,0.330078125
360,2.5346295833587646,12.611758377531633,0.33203125
361,2.5340189933776855,12.604060114702772,0.333984375
362,2.6062512397766113,13.54816670674172,0.33203125
363,2.538938045501709,12.666212884412033,0.33203125
364,2.4439821243286133,11.518818904131669,0.330078125
365,2.5194485187530518,12.4217444152086,0.333984375
366,2.478940725326538,11.928622035941777,0.330078125
367,2.6379456520080566,13.98444516108415,0.330078125
368,2.5061581134796143,12.25774661034323,0.333984375
369,2.606978416442871,13.558022200349665,0.3359375
370,2.551213502883911,12.822654673655036,0.33203125
371,2.574336051940918,13.122601539628732,0.333984375
372,2.4754600524902344,11.887174579609376,0.330078125
373,2.55159068107605,12.827492011575101,0.33203125
374,2.3847501277923584,10.856349625930152,0.33203125
375,2.58512282371521,13.26491823645684,0.333984375
376,2.585763454437256,13.273418873198342,0.33203125
377,2.467061996459961,11.787763435891977,0.33203125
378,2.6570143699645996,14.253669323649373,0.333984375
379,2.5275280475616455,12.522512789386186,0.333984375
380,2.517927885055542,12.402869846358703,0.330078125
381,2.658909320831299,14.280704934174622,0.33203125
382,2.4640979766845703,11.752876001025502,0.33203125
383,2.6582627296447754,14.271474140823257,0.330078125
384,2.5047030448913574,12.239923718197552,0.330078125
385,2.4975602626800537,12.15280810310982,0.333984375
386,2.507683277130127,12.276455943681402,0.33203125
387,2.574248790740967,13.121456495631586,0.33203125
388,2.3787713050842285,10.791635087410906,0.330078125
389,2.500537633895874,12.189045443384797,0.33203125
390,2.410026788711548,11.1342594135339,0.33203125
391,2.4987599849700928,12.167396847348671,0.33203125
392,2.6770222187042236,14.541726678063828,0.337890625
393,2.5430595874786377,12.718524941621169,0.33203125
394,2.431025743484497,11.370539356952028,0.33203125
395,2.64306902885437,14.05627659626175,0.3359375
396,2.5809054374694824,13.209092754290289,0.33203125
397,2.5381975173950195,12.656836669869493,0.33203125
398,2.593027114868164,13.370183487854224,0.3359375
399,2.6283841133117676,13.851369565106765,0.330078125
400,2.447591543197632,11.56047026982652,0.330078125
401,2.607602834701538,13.566490720637168,0.330078125
402,2.643385887145996,14.060731149744498,0.333984375
403,2.5069332122802734,12.267251258084375,0.33203125
404,2.637596607208252,13.97956481500178,0.33203125
405,2.67614483833313,14.52897364796193,0.333984375
406,2.5541698932647705,12.860619538417964,0.333984375
407,2.652743101119995,14.192917905127624,0.3359375
408,2.562835931777954,12.972554478364195,0.333984375
409,2.5045289993286133,12.237793599160334,0.330078125
410,2.605640411376953,13.539893628726672,0.33203125
411,2.457106113433838,11.670988107299323,0.33203125
412,2.5972132682800293,13.426270439466032,0.33203125
413,2.5908589363098145,13.341225946598795,0.33203125
414,2.5760750770568848,13.145441927540915,0.330078125
415,2.5759003162384033,13.143144820078394,0.330078125
416,2.6235544681549072,13.78463365028518,0.333984375
417,2.7199697494506836,15.17986303881284,0.33203125
418,2.58685564994812,13.287923961459695,0.330078125
419,2.563559055328369,12.981938630558348,0.33203125
420,2.4462807178497314,11.545326439989616,0.330078125
421,2.457920789718628,11.680500058584885,0.330078125
422,2.546947717666626,12.768072483620465,0.326171875
423,2.645002603530884,14.083481749856368,0.333984375
424,2.5391628742218018,12.669060932992819,0.330078125
425,2.535957098007202,12.62851178925973,0.33203125
426,2.3902428150177,10.916144225018035,0.33203125
427,2.647692918777466,14.12142176795403,0.3359375
428,2.58215069770813,13.225551758030399,0.330078125
429,2.4992949962615967,12.173908283740891,0.33203125
430,2.3324224948883057,10.302869976191593,0.328125
431,2.6087589263916016,13.582183897450381,0.33203125
432,2.5433101654052734,12.721712322557881,0.328125
433,2.478787899017334,11.926799167956773,0.33203125
434,2.575221061706543,13.1342203107463,0.330078125
435,2.5263795852661133,12.508139410823757,0.33203125
436,2.582170009613037,13.225807171094544,0.330078125
437,2.4760823249816895,11.89457394332287,0.330078125
438,2.5763778686523438,13.14942285954113,0.330078125
439,2.534632921218872,12.611800473887062,0.33203125
440,2.511622428894043,12.324910138324782,0.330078125
441,2.562095880508423,12.962957674454872,0.330078125
442,2.4710981845855713,11.835437212143862,0.330078125
443,2.45875883102417,11.69029290293426,0.330078125
444,2.5023815631866455,12.211541915882547,0.330078125
445,2.628063440322876,13.846928517128202,0.330078125
446,2.5724549293518066,13.097939520857395,0.326171875
447,2.566087245941162,13.014800969564496,0.33203125
448,2.584934711456299,13.262423177406063,0.330078125
449,2.5479090213775635,12.780352380490044,0.330078125
450,2.6257340908050537,13.814711717523831,0.33203125
451,2.618304491043091,13.712454274946126,0.33203125
452,2.472494125366211,11.851970318538948,0.328125
453,2.6574625968933105,14.260059634120804,0.330078125
454,2.6110587120056152,13.61345595431468,0.33203125
455,2.746413469314575,15.586629591935258,0.3359375
456,2.6279401779174805,13.845221816600008,0.333984375
457,2.5805649757385254,13.204596329180562,0.33203125
458,2.5157833099365234,12.376299461558398,0.333984375
459,2.6273488998413086,13.837037860215542,0.33203125
460,2.5620899200439453,12.962880409436396,0.33203125
461,2.6474931240081787,14.11860066358023,0.33203125
462,2.637439012527466,13.977361883536929,0.33203125
463,2.592348098754883,13.361107999378596,0.33203125
464,2.5360898971557617,12.630188956233626,0.33203125
465,2.5175793170928955,12.398547356669866,0.33203125
466,2.5080184936523438,12.280571904378462,0.330078125
467,2.534080982208252,12.604841449866447,0.328125
468,2.5187454223632812,12.413013801146889,0.328125
469,2.5185868740081787,12.411045894235176,0.330078125
470,2.5890300273895264,13.31684835844676,0.33203125
471,2.5436911582946777,12.726560127924868,0.330078125
472,2.5594565868377686,12.928789731763286,0.330078125
473,2.6968822479248047,14.833412653619424,0.330078125
474,2.5666682720184326,13.022365105585639,0.33203125
475,2.4686529636383057,11.806532306994578,0.330078125
476,2.565948247909546,13.012992063567948,0.33203125
477,2.4418203830718994,11.493945093136249,0.33203125
478,2.7018022537231445,14.906572956863231,0.33203125
479,2.5858967304229736,13.275188019072223,0.328125
480,2.6078011989593506,13.569182094427443,0.330078125
481,2.572176456451416,13.094292607456724,0.330078125
482,2.619755506515503,13.732365700663678,0.330078125
483,2.502650022506714,12.214820658207048,0.330078125
484,2.4915900230407715,12.080469081959253,0.33203125
485,2.480710506439209,11.949751777915223,0.330078125
486,2.588468313217163,13.309370196484014,0.330078125
487,2.6738951206207275,14.496324298283705,0.33203125
488,2.5266966819763184,12.512106329596921,0.33203125
489,2.520038604736328,12.429076475536117,0.330078125
490,2.7177624702453613,15.146393794360018,0.330078125
491,2.552805185317993,12.843080519274904,0.330078125
492,2.4573583602905273,11.673932448698668,0.330078125
493,2.351703405380249,10.503446121664515,0.328125
494,2.452448606491089,11.616756788566379,0.326171875
495,2.5638155937194824,12.985269423428017,0.328125
496,2.4726691246032715,11.854044585794655,0.33203125
497,2.548462152481079,12.787423546366186,0.330078125
498,2.596341848373413,13.41457561642433,0.330078125
499,2.4196889400482178,11.24236172243428,0.330078125
500,2.4076571464538574,11.107906437813389,0.328125
501,2.5029914379119873,12.21899169814054,0.33203125
502,2.5737526416778564,13.114947912031978,0.330078125
503,2.4969520568847656,12.145418942085541,0.33203125
504,2.498607873916626,12.165546192552366,0.33203125
505,2.5254056453704834,12.495963165259612,0.330078125
506,2.6055729389190674,13.53898008964374,0.330078125
507,2.5073177814483643,12.271969771934778,0.328125
508,2.5364885330200195,12.635224806192447,0.33203125
509,2.5641069412231445,12.98905320042914,0.328125
510,2.585472583770752,13.269558586453215,0.330078125
511,2.526198625564575,12.505876146435178,0.326171875
512,2.542842149734497,12.715759754887944,0.330078125
513,2.3622305393218994,10.614601352315129,0.330078125
514,2.5174484252929688,12.396924594695308,0.32421875
515,2.6313254833221436,13.892171545592028,0.330078125
516,2.6195640563964844,13.729736889267036,0.328125
517,2.375552177429199,10.756951292191937,0.328125
518,2.6921308040618896,14.763099702403897,0.330078125
519,2.586254119873047,13.27993327912041,0.330078125
520,2.596933603286743,13.422516106635923,0.330078125
521,2.696481466293335,14.827468885451955,0.330078125
522,2.6529345512390137,14.195635401073941,0.330078125
523,2.5644309520721436,12.993262476473031,0.330078125
524,2.5710325241088867,13.07932218684717,0.328125
525,2.5723652839660645,13.0967654036445,0.330078125
526,2.5654234886169434,13.006165166453538,0.330078125
527,2.5484063625335693,12.786710156577925,0.330078125
528,2.662721633911133,14.33525136034783,0.326171875
529,2.6629528999328613,14.338567000283067,0.328125
530,2.491929292678833,12.084568313665411,0.326171875
531,2.5597662925720215,12.932794472193692,0.328125
532,2.529878854751587,12.551985431163832,0.328125
533,2.599180221557617,13.45270527563372,0.330078125
534,2.4919273853302,12.084545264202541,0.326171875
535,2.5147593021392822,12.36363252103857,0.326171875
536,2.520721435546875,12.437566330137534,0.330078125
537,2.577629566192627,13.165892264997428,0.328125
538,2.5501630306243896,12.8091919029985,0.330078125
539,2.3683156967163086,10.67938979624061,0.328125
540,2.513577461242676,12.349029305532998,0.330078125
541,2.4512555599212646,11.602905720854631,0.32421875
542,2.6898653507232666,14.729692444474612,0.328125
543,2.70090913772583,14.893265601480866,0.33203125
544,2.4752838611602783,11.885080347009005,0.326171875
545,2.6097166538238525,13.595198158621546,0.326171875
546,2.505333662033081,12.247644858193379,0.326171875
547,2.6630449295043945,14.339886633182196,0.33203125
548,2.5009047985076904,12.193521651225701,0.328125
549,2.4946517944335938,12.117513398281108,0.32421875
550,2.4874374866485596,12.030408505579228,0.330078125
551,2.5437183380126953,12.726906036941314,0.330078125
552,2.4457719326019287,11.539453842288102,0.330078125
553,2.545405387878418,12.748395083511834,0.328125
554,2.567352533340454,13.031278855668045,0.322265625
555,2.5517899990081787,12.830049015577158,0.330078125
556,2.5166852474212646,12.387467145484466,0.328125
557,2.4894962310791016,12.05520155460607,0.328125
558,2.525616407394409,12.498597117306007,0.326171875
559,2.4845874309539795,11.996169985330683,0.322265625
560,2.5354421138763428,12.622009980399778,0.330078125
561,2.600872755050659,13.47549370953846,0.33203125
562,2.6503515243530273,14.159015009258646,0.328125
563,2.583791971206665,13.247276328738678,0.330078125
564,2.6259822845458984,13.81814086803294,0.330078125
565,2.4602017402648926,11.707173109965316,0.326171875
566,2.5584793090820312,12.916160885100414,0.326171875
567,2.451563596725464,11.606480393389393,0.326171875
568,2.657212734222412,14.256497022633797,0.33203125
569,2.4446825981140137,11.526890361404872,0.32421875
570,2.5693838596343994,13.057776538659974,0.326171875
571,2.6453466415405273,14.088327836457635,0.326171875
572,2.5280911922454834,12.529566761908963,0.330078125
573,2.55206298828125,12.833551959442685,0.330078125
574,2.618077278137207,13.709338982294268,0.328125
575,2.4066879749298096,11.097146186309,0.328125
576,2.6964550018310547,14.827076489653217,0.330078125
577,2.6698312759399414,14.43753302809913,0.326171875
578,2.575542449951172,13.138442173148675,0.326171875
579,2.639099359512329,14.000588430924745,0.326171875
580,2.6336426734924316,13.924399673872063,0.328125
581,2.6207728385925293,13.746343185450717,0.330078125
582,2.390589475631714,10.919929078269615,0.32421875
583,2.6103124618530273,13.603300700382702,0.330078125
584,2.660979747772217,14.310302719859084,0.330078125
585,2.6535592079162598,14.204505569631557,0.330078125
586,2.6762402057647705,14.530359304935333,0.330078125
587,2.6379499435424805,13.984505175940734,0.326171875
588,2.4970288276672363,12.146351391193127,0.328125
589,2.486767053604126,12.02234562529175,0.328125
590,2.5953845977783203,13.401740650052277,0.326171875
591,2.593937873840332,13.382366049271775,0.326171875
592,2.5405304431915283,12.686398600126005,0.330078125
593,2.4814789295196533,11.958937771899844,0.328125
594,2.557771682739258,12.907024302435156,0.328125
595,2.508772850036621,12.289839327227432,0.328125
596,2.5818934440612793,13.222149874201305,0.328125
597,2.589430332183838,13.3221802238042,0.330078125
598,2.556813955307007,12.894668808734027,0.328125
599,2.6206040382385254,13.74402299368486,0.330078125
600,2.539255380630493,12.670232956530231,0.326171875
601,2.527325391769409,12.519975286764549,0.330078125
602,2.568687677383423,13.048689110016838,0.330078125
603,2.6675729751586914,14.404965523434043,0.326171875
604,2.472527027130127,11.852360275683411,0.322265625
605,2.660853862762451,14.308501380644627,0.330078125
606,2.608120918273926,13.57352111762382,0.326171875
607,2.395542860031128,10.974153871860281,0.326171875
608,2.5482711791992188,12.784981723293903,0.328125
609,2.611825942993164,13.623904627330775,0.326171875
610,2.52898907661438,12.540821916210929,0.330078125
611,2.509809732437134,12.302589054172406,0.326171875
612,2.473388671875,11.862577200677046,0.330078125
613,2.6337151527404785,13.92540894046493,0.330078125
614,2.609337568283081,13.590045392306997,0.326171875
615,2.442993402481079,11.50743562459928,0.328125
616,2.589498996734619,13.323095016731257,0.326171875
617,2.5414206981658936,12.697697758406214,0.326171875
618,2.4343018531799316,11.407851577272696,0.330078125
619,2.4515764713287354,11.606629823181759,0.32421875
620,2.6454532146453857,14.089829353306664,0.328125
621,2.5363082885742188,12.632947582334328,0.326171875
622,2.6163105964660645,13.685140326345731,0.326171875
623,2.6808664798736572,14.597736462410724,0.330078125
624,2.63883900642395,13.996943808952514,0.330078125
625,2.6335363388061523,13.922919105920373,0.328125
626,2.6014363765716553,13.48309092857616,0.328125
627,2.3983590602874756,11.005102845606663,0.32421875
628,2.5774741172790527,13.16384580041307,0.326171875
629,2.567709445953369,13.035930713558042,0.326171875
630,2.5657601356506348,13.010544390461554,0.328125
631,2.468761444091797,11.8078131544456,0.322265625
632,2.629103899002075,13.861343171709946,0.328125
633,2.5105979442596436,12.31228992297988,0.326171875
634,2.575024366378784,13.13163712503603,0.32421875
635,2.500894069671631,12.1933908296327,0.328125
636,2.5408856868743896,12.690906163681296,0.326171875
637,2.475165843963623,11.88367778590922,0.328125
638,2.5148558616638184,12.364826405155855,0.328125
639,2.4786629676818848,11.925309230080988,0.32421875
640,2.5808892250061035,13.208878604093698,0.328125
641,2.58339786529541,13.242056527474324,0.326171875
642,2.4341883659362793,11.406557005101298,0.330078125
643,2.4763200283050537,11.89740165914461,0.326171875
644,2.516688823699951,12.387511446598417,0.32421875
645,2.5232279300689697,12.468780124272461,0.326171875
646,2.6090941429138184,13.586737633101665,0.326171875
647,2.7123265266418457,15.064282231007114,0.328125
648,2.640289068222046,14.017254965116795,0.330078125
649,2.637624740600586,13.979958113115757,0.326171875
650,2.4259796142578125,11.313306669193901,0.328125
651,2.579603910446167,13.191911946185435,0.330078125
652,2.443272352218628,11.510646068502046,0.328125
653,2.569244384765625,13.055955433992878,0.326171875
654,2.5657007694244385,13.009772026466727,0.326171875
655,2.5610480308532715,12.949381557832714,0.326171875
656,2.6063075065612793,13.548929039967273,0.326171875
657,2.4943230152130127,12.113530066524877,0.322265625
658,2.515974760055542,12.378669132392966,0.32421875
659,2.500654458999634,12.190469513065379,0.328125
660,2.598078489303589,13.437892157870792,0.322265625
661,2.659532308578491,14.289604410214313,0.326171875
662,2.645695924758911,14.093249512425373,0.326171875
663,2.4204578399658203,11.25100929757018,0.326171875
664,2.7187931537628174,15.162012980628985,0.328125
665,2.6057989597320557,13.54204052677885,0.328125
666,2.5165650844573975,12.38597872014605,0.326171875
667,2.529661178588867,12.549253460493896,0.322265625
668,2.552116632461548,12.834240423283735,0.32421875
669,2.595567226409912,13.404188415117334,0.328125
670,2.6971659660339355,14.837621758480868,0.326171875
671,2.651172399520874,14.170642564813802,0.326171875
672,2.5352957248687744,12.620162392121836,0.32421875
673,2.655468225479126,14.23164811979522,0.32421875
674,2.471806287765503,11.843820890774108,0.322265625
675,2.483581781387329,11.98411210620014,0.32421875
676,2.5825116634368896,13.230326590682616,0.330078125
677,2.605325698852539,13.535633125074572,0.330078125
678,2.411468505859375,11.1503234433699,0.326171875
679,2.54404878616333,12.731112314444557,0.326171875
680,2.563065767288208,12.975536374701733,0.328125
681,2.5303308963775635,12.557660733707223,0.326171875
682,2.521651268005371,12.449136561370647,0.32421875
683,2.4513230323791504,11.603688623834131,0.322265625
684,2.5528764724731445,12.843996098582638,0.322265625
685,2.559231996536255,12.925886377024085,0.32421875
686,2.5227673053741455,12.463038018812204,0.322265625
687,2.5262632369995117,12.50668419514245,0.328125
688,2.45880389213562,11.690819692394415,0.32421875
689,2.6456117630004883,14.092063449675779,0.326171875
690,2.5216996669769287,12.449739101358038,0.322265625
691,2.4551873207092285,11.648615371415719,0.322265625
692,2.540454149246216,12.685430741646334,0.326171875
693,2.499663829803467,12.178399257611574,0.322265625
694,2.510952949523926,12.316661626660906,0.322265625
695,2.446591854095459,11.548919168398884,0.330078125
696,2.5762646198272705,13.147933787171334,0.326171875
697,2.525963544845581,12.502936601607715,0.326171875
698,2.569528341293335,13.059663284173068,0.322265625
699,2.5921895503997803,13.358989785607038,0.326171875
700,2.515122890472412,12.368128610891702,0.326171875
701,2.5631582736968994,12.976736750492972,0.326171875
702,2.531273126602173,12.569498517283854,0.32421875
703,2.4388630390167236,11.460003755787907,0.3203125
704,2.5845632553100586,13.257497683661875,0.328125
705,2.5980663299560547,13.437728762863308,0.322265625
706,2.3559868335723877,10.548533373962988,0.322265625
707,2.5359256267547607,12.628114360431075,0.32421875
708,2.4986348152160645,12.165873952590294,0.326171875
709,2.644839286804199,14.081181869526235,0.32421875
710,2.629878520965576,13.872084632322924,0.322265625
711,2.5483102798461914,12.785481634124173,0.326171875
712,2.507345199584961,12.27230625109109,0.32421875
713,2.663276195526123,14.343203345222507,0.326171875
714,2.6049227714538574,13.530180346240744,0.326171875
715,2.5471439361572266,12.770578061343379,0.326171875
716,2.5035512447357178,12.225833888045878,0.326171875
717,2.565139055252075,13.002466305195927,0.326171875
718,2.5691452026367188,13.054660580752241,0.326171875
719,2.4765284061431885,11.899881072300168,0.322265625
720,2.531276226043701,12.569537475769923,0.330078125
721,2.5844290256500244,13.255718253683705,0.32421875
722,2.4513394832611084,11.603879516316129,0.326171875
723,2.5803864002227783,13.20223852211042,0.322265625
724,2.5690879821777344,13.053913608453179,0.328125
725,2.5407893657684326,12.689683820433684,0.32421875
726,2.499213218688965,12.172912771777835,0.322265625
727,2.6247143745422363,13.80063181129407,0.32421875
728,2.5330255031585693,12.591544322445705,0.326171875
729,2.5788800716400146,13.182366583460189,0.322265625
730,2.681149959564209,14.601875210823689,0.328125
731,2.5474746227264404,12.774801818320725,0.326171875
732,2.6570804119110107,14.254610694799657,0.328125
733,2.5637118816375732,12.983922763935599,0.326171875
734,2.5678250789642334,13.037438184630899,0.326171875
735,2.5467705726623535,12.765810883687282,0.32421875
736,2.4580116271972656,11.68156113395141,0.326171875
737,2.5711910724639893,13.0813960562657,0.32421875
738,2.610694169998169,13.608494182194946,0.322265625
739,2.550931453704834,12.819038564415036,0.322265625
740,2.5928850173950195,13.36828375354204,0.326171875
741,2.5787551403045654,13.180719795668377,0.32421875
742,2.530150890350342,12.555400482522872,0.32421875
743,2.625351667404175,13.80942965854251,0.326171875
744,2.4942467212677,12.112605912778557,0.326171875
745,2.475947380065918,11.89296893933995,0.32421875
746,2.568479061126709,13.04596722526426,0.326171875
747,2.529470443725586,12.546860108605905,0.326171875
748,2.643275499343872,14.059179102201755,0.328125
749,2.6069514751434326,13.557656934534164,0.326171875
750,2.393406867980957,10.950738183197815,0.326171875
751,2.527186393737793,12.518235155783998,0.32421875
752,2.497758150100708,12.155213228923273,0.3203125
753,2.490082263946533,12.062268369431212,0.326171875
754,2.508873462677002,12.291075902618514,0.326171875
755,2.5219886302948,12.453337139100821,0.326171875
756,2.4963417053222656,12.138008228457403,0.322265625
757,2.57179594039917,13.089310966784009,0.326171875
758,2.458367347717285,11.68571724411563,0.326171875
759,2.500526189804077,12.188905951628007,0.322265625
760,2.451582193374634,11.606696237040346,0.326171875
761,2.6194982528686523,13.72883345386846,0.322265625
762,2.61197566986084,13.625944644615027,0.326171875
763,2.592190742492676,13.359005710773346,0.322265625
764,2.380032539367676,10.805254454358483,0.322265625
765,2.4457032680511475,11.538661518076365,0.322265625
766,2.6291933059692383,13.862582527766442,0.328125
767,2.5880794525146484,13.304195711581503,0.326171875
768,2.541863203048706,12.703317795019903,0.326171875
769,2.665640354156494,14.377153068651326,0.326171875
770,2.6261301040649414,13.820183609944964,0.322265625
771,2.4556779861450195,11.654332346799709,0.3203125
772,2.485481023788452,12.006894467817409,0.322265625
773,2.586289405822754,13.280401882445718,0.322265625
774,2.6326966285705566,13.911232795481688,0.326171875
775,2.701484441757202,14.901836222341672,0.326171875
776,2.485731363296509,12.00990064413842,0.318359375
777,2.5022330284118652,12.209728211956739,0.326171875
778,2.4610722064971924,11.717368245450068,0.3203125
779,2.5126430988311768,12.337496225608655,0.32421875
780,2.537548065185547,12.64861932800356,0.328125
781,2.4924752712249756,12.09116803019194,0.326171875
782,2.4957447052001953,12.130763998681513,0.32421875
783,2.6396212577819824,14.007897220857487,0.32421875
784,2.53275203704834,12.58810143257637,0.32421875
785,2.3877816200256348,10.889310500578258,0.322265625
786,2.45510196685791,11.647621159661748,0.322265625
787,2.5738344192504883,13.116020464492188,0.32421875
788,2.6335155963897705,13.92263031393016,0.326171875
789,2.542829990386963,12.71560514048593,0.322265625
790,2.486273765563965,12.016416608456884,0.326171875
791,2.4555420875549316,11.652748647079079,0.32421875
792,2.6303348541259766,13.87841636912539,0.326171875
793,2.4177658557891846,11.220762488801231,0.322265625
794,2.515706777572632,12.375352310348697,0.322265625
795,2.499225378036499,12.173060787354615,0.322265625
796,2.4784350395202637,11.922591426015222,0.322265625
797,2.453683853149414,11.631115214843357,0.322265625
798,2.5721027851104736,13.093327968895185,0.32421875
799,2.5381267070770264,12.655940466970694,0.326171875
800,2.5902018547058105,13.332462551902452,0.32421875
801,2.469322681427002,11.814442000038818,0.32421875
802,2.409085988998413,11.123789231416113,0.322265625
803,2.572553873062134,13.099235543706826,0.326171875
804,2.5515553951263428,12.827039389322763,0.326171875
805,2.6967062950134277,14.830802901080876,0.322265625
806,2.3911850452423096,10.926434593229704,0.318359375
807,2.456851005554199,11.66801112601182,0.3203125
808,2.564805746078491,12.998133186071481,0.3203125
809,2.5104892253875732,12.310951417468576,0.322265625
810,2.5278618335723877,12.526693326638235,0.322265625
811,2.482689142227173,11.973419391512373,0.326171875
812,2.582685708999634,13.232629470716592,0.322265625
813,2.5359601974487305,12.628550930654269,0.318359375
814,2.521449565887451,12.446625797381664,0.3203125
815,2.527482509613037,12.521942552826134,0.326171875
816,2.499218702316284,12.172979523677887,0.314453125
817,2.4535582065582275,11.62965389667166,0.322265625
818,2.4309988021850586,11.370233023972958,0.3203125
819,2.5898983478546143,13.328416672181797,0.322265625
820,2.5372114181518555,12.644361924487836,0.3203125
821,2.5550079345703125,12.871401786159463,0.322265625
822,2.5470707416534424,12.76964335942708,0.322265625
823,2.4738941192626953,11.868574624897983,0.322265625
824,2.544912815093994,12.742117117353184,0.322265625
825,2.472525119781494,11.852337669121804,0.328125
826,2.4926984310150146,12.09386659380513,0.32421875
827,2.443661689758301,11.515128467648909,0.3203125
828,2.46867036819458,11.80673779623874,0.318359375
829,2.4414050579071045,11.489172359683058,0.322265625
830,2.576998472213745,13.157585970964144,0.322265625
831,2.5878987312316895,13.301791577509409,0.3203125
832,2.5175814628601074,12.398573961094803,0.322265625
833,2.410844564437866,11.143368464685636,0.322265625
834,2.5788779258728027,13.182338297200547,0.322265625
835,2.5052645206451416,12.246798068303345,0.326171875
836,2.6563854217529297,14.244707322431278,0.326171875
837,2.623647689819336,13.785918736675614,0.322265625
838,2.511683225631714,12.325659475431674,0.322265625
839,2.5150363445281982,12.36705824584146,0.322265625
840,2.5065460205078125,12.262502398745493,0.3203125
841,2.4100825786590576,11.134880610610256,0.322265625
842,2.513171434402466,12.344016285963528,0.318359375
843,2.5352590084075928,12.619699032925766,0.318359375
844,2.4253623485565186,11.306325507856174,0.322265625
845,2.4446985721588135,11.527074493938574,0.322265625
846,2.5251481533050537,12.492745968113802,0.322265625
847,2.6657886505126953,14.379285306161572,0.32421875
848,2.4821083545684814,11.966467396309373,0.3203125
849,2.563023328781128,12.974985723993907,0.322265625
850,2.5205771923065186,12.435772424650407,0.322265625
851,2.371934652328491,10.718108051444661,0.3203125
852,2.4878387451171875,12.035236777500861,0.318359375
853,2.5902626514434814,13.333273146771239,0.32421875
854,2.547412633895874,12.774009947839106,0.3203125
855,2.5674667358398438,13.032767145265185,0.3203125
856,2.545825481414795,12.753751726952462,0.3203125
857,2.625030755996704,13.80499876603442,0.322265625
858,2.4073104858398438,11.104056431508582,0.322265625
859,2.4797425270080566,11.938190260545076,0.318359375
860,2.608921766281128,13.584395798863772,0.3203125
861,2.4395110607147217,11.467432493612483,0.322265625
862,2.5273380279541016,12.520133492484172,0.318359375
863,2.604902744293213,13.529909377858774,0.326171875
864,2.6067371368408203,13.554751320762701,0.322265625
865,2.3776772022247314,10.779834385371224,0.322265625
866,2.4642179012298584,11.754285543853454,0.322265625
867,2.5501561164855957,12.809103338774015,0.322265625
868,2.507129192352295,12.26965563046628,0.3203125
869,2.459834098815918,11.702869858954958,0.3203125
870,2.5192365646362305,12.419111854342606,0.32421875
871,2.4640307426452637,11.752085834261832,0.326171875
872,2.6038970947265625,13.516309869672002,0.322265625
873,2.662951946258545,14.338553325966505,0.326171875
874,2.4050631523132324,11.079129932777773,0.322265625
875,2.4184536933898926,11.228483206145087,0.322265625
876,2.542695999145508,12.713901474907985,0.3203125
877,2.4287045001983643,11.344176178323131,0.3203125
878,2.495913505554199,12.132811848772876,0.3203125
879,2.513824701309204,12.352082857824739,0.3203125
880,2.575847625732422,13.142452319371904,0.3203125
881,2.4722256660461426,11.848788973695706,0.318359375
882,2.480029344558716,11.941614834125334,0.322265625
883,2.5894508361816406,13.322453384558669,0.3203125
884,2.492612838745117,12.09283149661032,0.322265625
885,2.4079389572143555,11.111037206495602,0.322265625
886,2.476968288421631,11.905116770560461,0.3203125
887,2.452854633331299,11.621474461304794,0.3203125
888,2.648824453353882,14.137409688689312,0.322265625
889,2.432323455810547,11.385304624492091,0.322265625
890,2.6063780784606934,13.549885247364939,0.3203125
891,2.5826878547668457,13.2326578648895,0.322265625
892,2.425485134124756,11.307713846690573,0.322265625
893,2.556612253189087,12.892068189009498,0.322265625
894,2.5522372722625732,12.835788836892988,0.3203125
895,2.5171821117401123,12.393623565235954,0.322265625
896,2.4122872352600098,11.159456279149996,0.3203125
897,2.5410890579223633,12.693487389031894,0.3203125
898,2.4747519493103027,11.87876021296063,0.322265625
899,2.4461326599121094,11.543617189304925,0.322265625
900,2.6307425498962402,13.884075694340128,0.322265625
901,2.4011998176574707,11.036410119753874,0.31640625
902,2.327373743057251,10.25098443136694,0.3203125
903,2.6158409118652344,13.678714135933724,0.326171875
904,2.487475872039795,12.030870306379581,0.322265625
905,2.6162729263305664,13.68462481496508,0.32421875
906,2.570955753326416,13.07831811559086,0.3203125
907,2.5243232250213623,12.482444598153632,0.3203125
908,2.4389383792877197,11.460867188101687,0.326171875
909,2.5349929332733154,12.616341691483385,0.3203125
910,2.5072021484375,12.270550809161863,0.322265625
911,2.5025136470794678,12.213154970403075,0.322265625
912,2.4984445571899414,12.16355951760291,0.3203125
913,2.51400089263916,12.354259379467678,0.322265625
914,2.589482545852661,13.322875841870635,0.318359375
915,2.6166484355926514,13.689764483267389,0.3203125
916,2.5314979553222656,12.572324819252726,0.322265625
917,2.5492560863494873,12.797579946230753,0.32421875
918,2.412466049194336,11.161451923851436,0.3203125
919,2.581929922103882,13.222632201144831,0.3203125
920,2.6298608779907227,13.87183988964159,0.322265625
921,2.5830130577087402,13.236961863954894,0.322265625
922,2.440978765487671,11.48427565638846,0.3125
923,2.5491557121276855,12.796295463568256,0.3203125
924,2.526275634765625,12.506839251049124,0.318359375
925,2.423849582672119,11.289234614869216,0.3203125
926,2.5984790325164795,13.44327569246733,0.3203125
927,2.5212016105651855,12.443539972860071,0.322265625
928,2.506692409515381,12.264297625699491,0.322265625
929,2.4672300815582275,11.789744949794256,0.318359375
930,2.6107897758483887,13.609795296047501,0.322265625
931,2.493102550506592,12.09875494869744,0.322265625
932,2.6166493892669678,13.6897775388504,0.326171875
933,2.5631682872772217,12.976866694739346,0.3203125
934,2.607120990753174,13.5599553638204,0.322265625
935,2.551999568939209,12.83273808982918,0.322265625
936,2.446540117263794,11.548321679368183,0.318359375
937,2.5095834732055664,12.299805794707668,0.3203125
938,2.3921291828155518,10.936755522092442,0.318359375
939,2.542510986328125,12.711549457759554,0.322265625
940,2.6639368534088135,14.352682426445648,0.318359375
941,2.6630382537841797,14.33979090443065,0.322265625
942,2.5275559425354004,12.522862109423905,0.318359375
943,2.455977439880371,11.657822802742938,0.3203125
944,2.5254855155944824,12.496961260495219,0.322265625
945,2.604409694671631,13.52324010543621,0.3203125
946,2.5170788764953613,12.392344172514193,0.322265625
947,2.591564893722534,13.35064760920555,0.3203125
948,2.635051727294922,13.944033731653306,0.318359375
949,2.465198278427124,11.765814827970985,0.3203125
950,2.5048105716705322,12.241239908533903,0.318359375
951,2.514188528060913,12.356577693628914,0.3203125
952,2.546337604522705,12.76028489067365,0.322265625
953,2.440657615661621,11.48058807542379,0.3203125
954,2.4817378520965576,11.962034611788363,0.318359375
955,2.4643924236297607,11.756337108992533,0.322265625
956,2.4480912685394287,11.56624877349555,0.318359375
957,2.558924436569214,12.921911503123368,0.32421875
958,2.530264377593994,12.55682544117237,0.31640625
959,2.536276340484619,12.632543990240093,0.3203125
960,2.3999288082122803,11.022391648942271,0.3203125
961,2.537271738052368,12.645124654144825,0.322265625
962,2.5104241371154785,12.310150144989974,0.318359375
963,2.486467123031616,12.018740296986564,0.31640625
964,2.5020430088043213,12.207408344610807,0.318359375
965,2.6832833290100098,14.633059657395217,0.322265625
966,2.5749332904815674,13.130441203863567,0.31640625
967,2.5293121337890625,12.544873973195177,0.3203125
968,2.4503653049468994,11.592580772919602,0.322265625
969,2.4915060997009277,12.079455291187964,0.322265625
970,2.581784248352051,13.220706150993891,0.322265625
971,2.5505824089050293,12.814564926461083,0.322265625
972,2.5519325733184814,12.83187838137389,0.322265625
973,2.432097911834717,11.382737027184984,0.318359375
974,2.5482635498046875,12.784884181996352,0.3203125
975,2.4513444900512695,11.603937614651365,0.322265625
976,2.467623710632324,11.79438664967676,0.318359375
977,2.530488967895508,12.55964589909615,0.322265625
978,2.5718765258789062,13.090365817689948,0.3203125
979,2.4937777519226074,12.106926803684395,0.318359375
980,2.7200727462768555,15.181426597046947,0.318359375
981,2.596755027770996,13.420119387903569,0.322265625
982,2.4482738971710205,11.56836129457925,0.322265625
983,2.515432119369507,12.371953785057887,0.318359375
984,2.4943687915802,12.114084592617138,0.3203125
985,2.4440343379974365,11.519420359629127,0.322265625
986,2.4310905933380127,11.371276758673659,0.322265625
987,2.5104432106018066,12.310384944709678,0.322265625
988,2.612147808074951,13.628290392282345,0.322265625
989,2.5429863929748535,12.717594049567706,0.318359375
990,2.521367073059082,12.445599082364879,0.3203125
991,2.4863460063934326,12.017284715715927,0.318359375
992,2.495225191116333,12.124463532668308,0.3203125
993,2.7011160850524902,14.896348041922735,0.322265625
994,2.493833065032959,12.107596493983861,0.3203125
995,2.4538321495056152,11.63284019474923,0.314453125
996,2.500612258911133,12.18995508502759,0.322265625
997,2.546092987060547,12.757163883909218,0.3203125
998,2.4335825443267822,11.39964875917127,0.318359375
999,2.5088891983032227,12.291269311916473,0.318359375
1000,2.59930682182312,13.45440849950537,0.318359375
